[{"model": "admin.logentry", "pk": 1, "fields": {"action_time": "2022-05-30T18:25:47.897Z", "user": 1, "content_type": 9, "object_id": "1", "object_repr": "Техника", "action_flag": 1, "change_message": "[{\"added\": {}}]"}}, {"model": "admin.logentry", "pk": 2, "fields": {"action_time": "2022-05-30T18:26:13.246Z", "user": 1, "content_type": 11, "object_id": "1", "object_repr": "ProductImage object (1)", "action_flag": 1, "change_message": "[{\"added\": {}}]"}}, {"model": "admin.logentry", "pk": 3, "fields": {"action_time": "2022-05-30T18:26:40.057Z", "user": 1, "content_type": 12, "object_id": "1", "object_repr": "saghf", "action_flag": 1, "change_message": "[{\"added\": {}}]"}}, {"model": "admin.logentry", "pk": 4, "fields": {"action_time": "2022-05-30T19:26:46.099Z", "user": 1, "content_type": 14, "object_id": "3", "object_repr": "saghf добавлен в коризну - admin - корзина 1", "action_flag": 1, "change_message": "[{\"added\": {}}]"}}, {"model": "admin.logentry", "pk": 5, "fields": {"action_time": "2022-06-01T14:19:30.284Z", "user": 1, "content_type": 15, "object_id": "2", "object_repr": "griga: saghf", "action_flag": 3, "change_message": ""}}, {"model": "admin.logentry", "pk": 6, "fields": {"action_time": "2022-06-01T14:19:30.288Z", "user": 1, "content_type": 15, "object_id": "1", "object_repr": "admin: saghf", "action_flag": 3, "change_message": ""}}, {"model": "admin.logentry", "pk": 7, "fields": {"action_time": "2022-06-01T14:19:44.399Z", "user": 1, "content_type": 12, "object_id": "1", "object_repr": "saghf", "action_flag": 2, "change_message": "[{\"changed\": {\"fields\": [\"\\u0414\\u043e\\u0431\\u0430\\u0432\\u0438\\u0442\\u044c \\u0432 \\u0438\\u0437\\u0431\\u0440\\u0430\\u043d\\u043d\\u043e\\u0435\"]}}]"}}, {"model": "admin.logentry", "pk": 8, "fields": {"action_time": "2022-06-10T15:27:57.921Z", "user": 1, "content_type": 13, "object_id": "2", "object_repr": "griga - корзина 2", "action_flag": 3, "change_message": ""}}, {"model": "admin.logentry", "pk": 9, "fields": {"action_time": "2022-06-10T15:28:07.553Z", "user": 1, "content_type": 13, "object_id": "3", "object_repr": "griga - корзина 3", "action_flag": 1, "change_message": "[{\"added\": {}}]"}}, {"model": "admin.logentry", "pk": 10, "fields": {"action_time": "2022-06-10T15:29:31.061Z", "user": 1, "content_type": 13, "object_id": "3", "object_repr": "griga - корзина 3", "action_flag": 3, "change_message": ""}}, {"model": "admin.logentry", "pk": 11, "fields": {"action_time": "2022-06-10T15:37:30.915Z", "user": 1, "content_type": 13, "object_id": "4", "object_repr": "griga - корзина 4", "action_flag": 1, "change_message": "[{\"added\": {}}]"}}, {"model": "admin.logentry", "pk": 12, "fields": {"action_time": "2022-06-10T15:38:14.985Z", "user": 1, "content_type": 13, "object_id": "4", "object_repr": "griga - корзина 4", "action_flag": 3, "change_message": ""}}, {"model": "admin.logentry", "pk": 13, "fields": {"action_time": "2022-06-10T15:38:37.804Z", "user": 1, "content_type": 13, "object_id": "5", "object_repr": "griga - корзина 5", "action_flag": 1, "change_message": "[{\"added\": {}}]"}}, {"model": "admin.logentry", "pk": 14, "fields": {"action_time": "2022-06-10T15:38:51.828Z", "user": 1, "content_type": 13, "object_id": "5", "object_repr": "griga - корзина 5", "action_flag": 3, "change_message": ""}}, {"model": "admin.logentry", "pk": 15, "fields": {"action_time": "2022-06-10T15:39:01.088Z", "user": 1, "content_type": 13, "object_id": "6", "object_repr": "griga - корзина 6", "action_flag": 1, "change_message": "[{\"added\": {}}]"}}, {"model": "admin.logentry", "pk": 16, "fields": {"action_time": "2022-06-10T15:39:30.124Z", "user": 1, "content_type": 13, "object_id": "6", "object_repr": "griga - корзина 6", "action_flag": 3, "change_message": ""}}, {"model": "admin.logentry", "pk": 17, "fields": {"action_time": "2022-06-10T15:39:49.888Z", "user": 1, "content_type": 13, "object_id": "7", "object_repr": "griga - корзина 7", "action_flag": 1, "change_message": "[{\"added\": {}}]"}}, {"model": "admin.logentry", "pk": 18, "fields": {"action_time": "2022-06-10T15:40:19.205Z", "user": 1, "content_type": 13, "object_id": "8", "object_repr": "griga - корзина 8", "action_flag": 1, "change_message": "[{\"added\": {}}]"}}, {"model": "admin.logentry", "pk": 19, "fields": {"action_time": "2022-06-10T15:40:23.879Z", "user": 1, "content_type": 13, "object_id": "8", "object_repr": "griga - корзина 8", "action_flag": 3, "change_message": ""}}, {"model": "admin.logentry", "pk": 20, "fields": {"action_time": "2022-06-10T15:40:23.881Z", "user": 1, "content_type": 13, "object_id": "7", "object_repr": "griga - корзина 7", "action_flag": 3, "change_message": ""}}, {"model": "admin.logentry", "pk": 21, "fields": {"action_time": "2022-06-10T15:40:31.131Z", "user": 1, "content_type": 13, "object_id": "9", "object_repr": "griga - корзина 9", "action_flag": 1, "change_message": "[{\"added\": {}}]"}}, {"model": "admin.logentry", "pk": 22, "fields": {"action_time": "2022-06-10T16:00:22.102Z", "user": 1, "content_type": 13, "object_id": "9", "object_repr": "griga - корзина 9", "action_flag": 3, "change_message": ""}}, {"model": "admin.logentry", "pk": 23, "fields": {"action_time": "2022-06-10T16:00:30.723Z", "user": 1, "content_type": 13, "object_id": "10", "object_repr": "griga - корзина 10", "action_flag": 1, "change_message": "[{\"added\": {}}]"}}, {"model": "admin.logentry", "pk": 24, "fields": {"action_time": "2022-06-10T16:22:29.898Z", "user": 1, "content_type": 13, "object_id": "10", "object_repr": "griga - корзина 10", "action_flag": 3, "change_message": ""}}, {"model": "admin.logentry", "pk": 25, "fields": {"action_time": "2022-06-10T16:22:39.524Z", "user": 1, "content_type": 13, "object_id": "11", "object_repr": "griga - корзина 11", "action_flag": 1, "change_message": "[{\"added\": {}}]"}}, {"model": "admin.logentry", "pk": 26, "fields": {"action_time": "2022-06-10T16:36:44.396Z", "user": 1, "content_type": 13, "object_id": "11", "object_repr": "griga - корзина 11", "action_flag": 3, "change_message": ""}}, {"model": "admin.logentry", "pk": 27, "fields": {"action_time": "2022-06-10T16:36:53.416Z", "user": 1, "content_type": 13, "object_id": "12", "object_repr": "griga - корзина 12", "action_flag": 1, "change_message": "[{\"added\": {}}]"}}, {"model": "admin.logentry", "pk": 28, "fields": {"action_time": "2022-06-10T16:38:11.473Z", "user": 1, "content_type": 13, "object_id": "12", "object_repr": "griga - корзина 12", "action_flag": 3, "change_message": ""}}, {"model": "admin.logentry", "pk": 29, "fields": {"action_time": "2022-06-10T16:38:20.789Z", "user": 1, "content_type": 13, "object_id": "13", "object_repr": "griga - корзина 13", "action_flag": 1, "change_message": "[{\"added\": {}}]"}}, {"model": "admin.logentry", "pk": 30, "fields": {"action_time": "2022-06-10T16:39:45.195Z", "user": 1, "content_type": 13, "object_id": "13", "object_repr": "griga - корзина 13", "action_flag": 3, "change_message": ""}}, {"model": "admin.logentry", "pk": 31, "fields": {"action_time": "2022-06-10T16:39:51.337Z", "user": 1, "content_type": 13, "object_id": "14", "object_repr": "griga - корзина 14", "action_flag": 1, "change_message": "[{\"added\": {}}]"}}, {"model": "admin.logentry", "pk": 32, "fields": {"action_time": "2022-06-10T16:55:25.276Z", "user": 1, "content_type": 13, "object_id": "14", "object_repr": "griga - корзина 14", "action_flag": 3, "change_message": ""}}, {"model": "admin.logentry", "pk": 33, "fields": {"action_time": "2022-06-10T16:55:34.960Z", "user": 1, "content_type": 13, "object_id": "15", "object_repr": "griga - корзина 15", "action_flag": 1, "change_message": "[{\"added\": {}}]"}}, {"model": "admin.logentry", "pk": 34, "fields": {"action_time": "2022-06-10T16:58:18.214Z", "user": 1, "content_type": 14, "object_id": "5", "object_repr": "saghf добавлен в коризну - admin - корзина 1", "action_flag": 3, "change_message": ""}}, {"model": "admin.logentry", "pk": 35, "fields": {"action_time": "2022-06-10T16:58:25.253Z", "user": 1, "content_type": 13, "object_id": "15", "object_repr": "griga - корзина 15", "action_flag": 3, "change_message": ""}}, {"model": "admin.logentry", "pk": 36, "fields": {"action_time": "2022-06-10T16:58:25.255Z", "user": 1, "content_type": 13, "object_id": "1", "object_repr": "admin - корзина 1", "action_flag": 3, "change_message": ""}}, {"model": "admin.logentry", "pk": 37, "fields": {"action_time": "2022-06-10T17:04:14.302Z", "user": 1, "content_type": 14, "object_id": "6", "object_repr": "saghf добавлен в коризну - admin - корзина 16", "action_flag": 3, "change_message": ""}}, {"model": "admin.logentry", "pk": 38, "fields": {"action_time": "2022-06-10T17:04:19.071Z", "user": 1, "content_type": 13, "object_id": "16", "object_repr": "admin - корзина 16", "action_flag": 3, "change_message": ""}}, {"model": "admin.logentry", "pk": 39, "fields": {"action_time": "2022-06-10T17:04:49.084Z", "user": 1, "content_type": 13, "object_id": "17", "object_repr": "admin - корзина 17", "action_flag": 3, "change_message": ""}}, {"model": "admin.logentry", "pk": 40, "fields": {"action_time": "2022-06-11T12:56:52.444Z", "user": 1, "content_type": 13, "object_id": "18", "object_repr": "admin - корзина 18", "action_flag": 2, "change_message": "[]"}}, {"model": "admin.logentry", "pk": 41, "fields": {"action_time": "2022-06-11T13:18:48.800Z", "user": 1, "content_type": 13, "object_id": "18", "object_repr": "admin - корзина 18", "action_flag": 2, "change_message": "[{\"changed\": {\"fields\": [\"\\u041a\\u043e\\u043b\\u0438\\u0447\\u0435\\u0441\\u0442\\u0432\\u043e \\u0442\\u043e\\u0432\\u0430\\u0440\\u0430\", \"\\u041e\\u0431\\u0449\\u0430\\u044f \\u0441\\u0443\\u043c\\u043c\\u0430 \\u0432\\u0441\\u0435\\u0445 \\u0442\\u043e\\u0432\\u0430\\u0440\\u043e\\u0432\", \"\\u041e\\u0431\\u0449\\u0430\\u044f \\u0441\\u0443\\u043c\\u043c\\u0430 \\u0441\\u043a\\u0438\\u0434\\u043e\\u043a\", \"\\u041e\\u0431\\u0449\\u0430\\u044f \\u0441\\u0443\\u043c\\u043c\\u0430 \\u0446\\u0435\\u043d \\u0431\\u0435\\u0437 \\u0441\\u043a\\u0438\\u0434\\u043e\\u043a\"]}}]"}}, {"model": "admin.logentry", "pk": 42, "fields": {"action_time": "2022-06-13T12:08:11.664Z", "user": 1, "content_type": 8, "object_id": "3", "object_repr": "grigas", "action_flag": 2, "change_message": "[]"}}, {"model": "admin.logentry", "pk": 43, "fields": {"action_time": "2022-06-13T12:09:36.554Z", "user": 1, "content_type": 8, "object_id": "2", "object_repr": "griga", "action_flag": 2, "change_message": "[]"}}, {"model": "admin.logentry", "pk": 44, "fields": {"action_time": "2022-06-13T12:09:40.249Z", "user": 1, "content_type": 8, "object_id": "1", "object_repr": "admin", "action_flag": 2, "change_message": "[]"}}, {"model": "admin.logentry", "pk": 45, "fields": {"action_time": "2022-06-13T12:15:52.420Z", "user": 1, "content_type": 8, "object_id": "5", "object_repr": "grigatestttt", "action_flag": 2, "change_message": "[]"}}, {"model": "admin.logentry", "pk": 46, "fields": {"action_time": "2022-06-13T12:16:10.864Z", "user": 1, "content_type": 8, "object_id": "5", "object_repr": "grigates", "action_flag": 2, "change_message": "[{\"changed\": {\"fields\": [\"\\u041b\\u043e\\u0433\\u0438\\u043d \\u043f\\u043e\\u043b\\u044c\\u0437\\u043e\\u0432\\u0430\\u0442\\u0435\\u043b\\u044f\"]}}]"}}, {"model": "admin.logentry", "pk": 47, "fields": {"action_time": "2022-06-13T12:17:19.133Z", "user": 1, "content_type": 8, "object_id": "5", "object_repr": "grigates", "action_flag": 2, "change_message": "[]"}}, {"model": "admin.logentry", "pk": 48, "fields": {"action_time": "2022-06-13T12:20:24.524Z", "user": 1, "content_type": 8, "object_id": "5", "object_repr": "grigates", "action_flag": 3, "change_message": ""}}, {"model": "admin.logentry", "pk": 49, "fields": {"action_time": "2022-06-13T12:20:24.526Z", "user": 1, "content_type": 8, "object_id": "4", "object_repr": "grigass", "action_flag": 3, "change_message": ""}}, {"model": "admin.logentry", "pk": 50, "fields": {"action_time": "2022-06-13T12:20:24.527Z", "user": 1, "content_type": 8, "object_id": "3", "object_repr": "grigas", "action_flag": 3, "change_message": ""}}, {"model": "admin.logentry", "pk": 51, "fields": {"action_time": "2022-06-16T18:49:05.877Z", "user": 1, "content_type": 8, "object_id": "1", "object_repr": "admin", "action_flag": 2, "change_message": "[{\"changed\": {\"fields\": [\"\\u0410\\u0432\\u0430\\u0442\\u0430\\u0440\\u043a\\u0430 \\u043f\\u043e\\u043b\\u044c\\u0437\\u043e\\u0432\\u0430\\u0442\\u0435\\u043b\\u044f\"]}}]"}}, {"model": "admin.logentry", "pk": 52, "fields": {"action_time": "2022-06-18T08:47:26.979Z", "user": 1, "content_type": 8, "object_id": "2", "object_repr": "griga", "action_flag": 2, "change_message": "[{\"changed\": {\"fields\": [\"\\u042f\\u0432\\u043b\\u044f\\u0435\\u0442\\u0441\\u044f \\u043c\\u043e\\u0434\\u0434\\u0435\\u0440\\u0430\\u0442\\u043e\\u0440\\u043e\\u043c\"]}}]"}}, {"model": "admin.logentry", "pk": 53, "fields": {"action_time": "2022-06-18T15:11:28.053Z", "user": 1, "content_type": 11, "object_id": "2", "object_repr": "product/2022/06/18/naruto-naruto-uchikha-obito-maska.jpg", "action_flag": 1, "change_message": "[{\"added\": {}}]"}}, {"model": "admin.logentry", "pk": 54, "fields": {"action_time": "2022-06-18T15:12:31.179Z", "user": 1, "content_type": 12, "object_id": "1", "object_repr": "saghf", "action_flag": 2, "change_message": "[{\"changed\": {\"fields\": [\"\\u0424\\u043e\\u0442\\u043e\\u0433\\u0440\\u0430\\u0444\\u0438\\u0438\"]}}]"}}, {"model": "admin.logentry", "pk": 55, "fields": {"action_time": "2022-06-18T16:14:03.724Z", "user": 1, "content_type": 13, "object_id": "18", "object_repr": "admin - корзина 18", "action_flag": 2, "change_message": "[]"}}, {"model": "admin.logentry", "pk": 56, "fields": {"action_time": "2022-06-18T16:14:40.233Z", "user": 1, "content_type": 13, "object_id": "18", "object_repr": "admin - корзина 18", "action_flag": 2, "change_message": "[]"}}, {"model": "admin.logentry", "pk": 57, "fields": {"action_time": "2022-06-18T16:41:47.196Z", "user": 1, "content_type": 13, "object_id": "18", "object_repr": "admin - корзина 18", "action_flag": 2, "change_message": "[]"}}, {"model": "admin.logentry", "pk": 58, "fields": {"action_time": "2022-06-18T16:42:35.036Z", "user": 1, "content_type": 13, "object_id": "18", "object_repr": "admin - корзина 18", "action_flag": 2, "change_message": "[]"}}, {"model": "sessions.session", "pk": "iqdz677w6j1oijsk2pvsten9ux7wp15f", "fields": {"session_data": ".eJxVjEEOwiAQRe_C2hBw6AAu3fcMZGBAqoYmpV0Z765NutDtf-_9lwi0rTVsPS9hYnERWpx-t0jpkdsO-E7tNss0t3WZotwVedAux5nz83q4fweVev3Whox1yWC2zgFqhVxU1GABh5IsAxZtz4BKqwiKtfceCSwlE8kRDiDeH7QbNrI:1o11WK:JurV7G7Spl1s1-XRPQ3PuW7o1CIigJipbP9IQsIxFRA", "expire_date": "2022-06-28T08:03:28.863Z"}}, {"model": "sessions.session", "pk": "rjiscwovpgqycoqp8st9ehs9kg44r1c0", "fields": {"session_data": ".eJxVjEEOwiAQRe_C2hBw6AAu3fcMZGBAqoYmpV0Z765NutDtf-_9lwi0rTVsPS9hYnERWpx-t0jpkdsO-E7tNss0t3WZotwVedAux5nz83q4fweVev3Whox1yWC2zgFqhVxU1GABh5IsAxZtz4BKqwiKtfceCSwlE8kRDiDeH7QbNrI:1nvk5B:6pAb598Qvx67e8L-PY9S8ZOXqr5uucZCou68zmSTFaQ", "expire_date": "2022-06-13T18:25:37.654Z"}}, {"model": "user.user", "pk": 1, "fields": {"password": "pbkdf2_sha256$260000$wwJXOufj3boFjQHd3LU7pG$1alBBfn0+4KtbFgrvQ8jRS0MwoK4zFe6XVHPZ9QQ7Tw=", "last_login": "2022-06-14T08:03:28Z", "is_superuser": true, "username": "admin", "slug": "admin", "email": "admin@admin.ru", "avatar": "system_images/defult.jpg", "is_active": true, "is_staff": true, "is_moderator": false, "created_at": "2022-05-30T16:48:44.275Z", "updated_at": "2022-06-16T18:55:15.421Z", "groups": [], "user_permissions": []}}, {"model": "user.user", "pk": 2, "fields": {"password": "pbkdf2_sha256$260000$Weeu3RczEyuUSqEm7Szqtr$XgAfN87mcTzNUN1rFPLP4G8UrzRsXKky/JEJ6TT5+cA=", "last_login": null, "is_superuser": false, "username": "griga", "slug": "griga", "email": "gregdev77@gmail.com", "avatar": "system_images/defult.jpg", "is_active": true, "is_staff": false, "is_moderator": true, "created_at": "2022-05-30T18:27:39.862Z", "updated_at": "2022-06-18T08:47:26.974Z", "groups": [], "user_permissions": []}}, {"model": "user.user", "pk": 6, "fields": {"password": "pbkdf2_sha256$260000$PMsnCcLvLcmtTIZhx8p6uI$fOIEfbju6FWmwIw/M7tIXrRs79ALxN7b3DUYcUCw0jQ=", "last_login": null, "is_superuser": false, "username": "grigasssss", "slug": "grigasssss", "email": "gregdejghjv777@gmail.com", "avatar": "", "is_active": true, "is_staff": false, "is_moderator": false, "created_at": "2022-06-13T12:22:51.676Z", "updated_at": "2022-06-13T12:23:18.131Z", "groups": [], "user_permissions": []}}, {"model": "product.product", "pk": 1, "fields": {"title": "saghf", "description": "546467547", "price_now": 1400, "price_old": 1500, "discounted_price": 100, "slug": "saghf", "created_at": "2022-05-30T18:26:40.047Z", "updated_at": "2022-06-18T15:12:31.173Z", "moderation": false, "guarantee": 1, "quantity": 250, "year": 2022, "status": "Have", "category": 1, "characteristics": {"Page": 40}, "photo": [1, 2], "colors": [], "favorite_product": [1]}}, {"model": "product.category", "pk": 1, "fields": {"category_name": "Техника", "slug_category": "tehnika"}}, {"model": "product.productimage", "pk": 1, "fields": {"image": "product/2022/05/30/mytopkid.com-wallpapers-naruto-background-42.jpg"}}, {"model": "product.productimage", "pk": 2, "fields": {"image": "product/2022/06/18/naruto-naruto-uchikha-obito-maska.jpg"}}, {"model": "cart.cart", "pk": 18, "fields": {"user_name": 1, "total_products": 10, "final_price_cart": 14000, "total_discount_price": 1000, "total_not_discount_price": 15000, "products": [8]}}, {"model": "cart.cartproduct", "pk": 8, "fields": {"cart": 18, "product_name": 1, "count_product": 10, "final_price": 14000, "final_total_discount": 1000, "final_price_not_discount": 15000}}]